{
  "baseline": {
    "clients": 20,
    "duration_s": 20.034353256225586,
    "connected": 18,
    "disconnected": 10,
    "auth_success": 17,
    "auth_fail": 0,
    "messages_sent": 215,
    "messages_received": 429,
    "errors": 2,
    "throughput_msg_s": 10.731566786823514,
    "latency_ms": {
      "min": 0.0,
      "max": 1.4939308166503906,
      "mean": 0.3240834637946889,
      "p50": 0.0,
      "p95": 1.1582374572753906,
      "p99": 1.4081001281738281,
      "samples": 197
    }
  },
  "tuned": {
    "clients": 20,
    "duration_s": 20.0797700881958,
    "connected": 18,
    "disconnected": 8,
    "auth_success": 16,
    "auth_fail": 0,
    "messages_sent": 278,
    "messages_received": 646,
    "errors": 2,
    "throughput_msg_s": 13.844780033782685,
    "latency_ms": {
      "min": 0.0,
      "max": 2.057790756225586,
      "mean": 0.24411219816941482,
      "p50": 0.0,
      "p95": 1.0662078857421875,
      "p99": 1.3897418975830078,
      "samples": 260
    }
  },
  "chaos_tuned": {
    "flood_sent": 200,
    "unauthorized_attempts": 2,
    "rapid_connect_disconnect": 45,
    "malformed_sent": 0,
    "errors": 13
  },
  "tcp_states": {
    "time_wait_8080": 1,
    "close_wait_8080": 0
  },
  "notes": "Generated by scripts/generate_q4_evidence.py"
}